{
  "nombre": "Ensalada de tomate y rúcula",
  "calorias": 150,
  "ingredientes": [
    {
      "nombre": "tomates",
      "cantidad": 2.0,
      "unidad": "unidad"
    },
    {
      "nombre": "rúcula",
      "cantidad": 1.0,
      "unidad": "taza"
    },
    {
      "nombre": "aceite de oliva",
      "cantidad": 1.0,
      "unidad": "cucharada"
    }
  ],
  "preparacion": "1. Lavar los tomates y cortarlos en rodajas.\n2. Mezclar con la rúcula en un bowl.\n3. Agregar aceite de oliva, sal y pimienta.\n4. Servir fresca.",
  "tags": [
    "simple"
  ]
}