{
  "nombre": "Pan bao casero",
  "origen": "https://www.bonviveur.es/recetas/pan-bao-casero",
  "porciones": 9,
  "calorias": 0,
  "ingredientes": [],
  "preparacion": ": 30 minutos\n▪ Tiempo de cocinado: 15 minutos\n▪ Tiempo total: 2 horas y 45 minutos\n▪ Raciones: 9 unidades\n▪ Categoría: panes\n▪ Tipo de cocina: asiática\n▪ Calorías por ración (kcal): 125\nIngredientes del pan bao casero para 9 panes\n▪ 250 g de harina de trigo panadera\n▪ 6 g de levadura fresca\n▪ 160 ml de agua\n▪ 30 ml de aceite de girasol\n▪ 1/2 cucharilla de sal\n3 of 17 4/24/25, 10:15 AM\nPan bao casero, cómo hacerlo en casa paso a paso fácil https://www.bonviveur.es/recetas/pan-bao-casero\n@pandebroa.by.monikaprego\nCómo hacer pan bao casero\nPesamos y preparamos todos los ingredientes y, una vez los tenemos todos listos, comenzamos con la masa de los panes bao. En un bol ponemos 250 g de\nharina de trigo panadera, añadimos 6 g de levadura fresca, 150 ml de agua y 30 ml de aceite de girasol. Si no tenemos una temperatura ambiente muy alta,\npondremos agua templada, pero si el día es caluroso usaremos agua del tiempo.\n4 of 17 4/24/25, 10:15 AM\nPan bao casero, cómo hacerlo en casa paso a paso fácil https://www.bonviveur.es/recetas/pan-bao-casero\n@pandebroa.by.monikaprego\nCon las manos, mezclamos todos los ingredientes y dejamos que reposen unos 10 minutos. Tras el reposo, añadimos 1/2 cucharilla de sal, los 10 ml de agua\nrestantes y trabajamos la masa de nuevo con las manos. Si observamos que nos queda una masa demasiado densa, le tendremos que añadir un poco más\nde agua, pues no todas las harinas absorben igual de agua y, normalmente, hay que ajustar la cantidad de líquido para adaptarlo a las harinas que\nempleamos.\n5 of 17 4/24/25, 10:15 AM\nPan bao casero, cómo hacerlo en casa paso a paso fácil https://www.bonviveur.es/recetas/pan-bao-casero\n@pandebroa.by.monikaprego\nDespués de trabajar la masa del pan bao durante unos minutos, estará lisa y elástica. La tapamos y la dejamos levar hasta que doble su volumen lo que le\npodrá llevar unas 2 horas, aunque dependerá del calor y la humedad del ambiente.\n6 of 17 4/24/25, 10:15 AM\nPan bao casero, cómo hacerlo en casa paso a paso fácil https://www.bonviveur.es/recetas/pan-bao-casero\n@pandebroa.by.monikaprego\nCuando la masa haya doblado su volumen, formamos los panecillos. Para ello, dividimos la masa en porciones iguales de unos 50 g —u otro peso según el\ntamaño deseado de los panes— las boleamos y las dejamos reposar unos 15 minutos tapadas con un trapo húmedo. A su vez, cortamos papel de horno en\ncuadrados de unos 6 cm de lado para colocarlos en los panes bao al doblarlos y evitar que se peguen. Otra opción es pincelar la masa con un poco de agua\nal doblarlos. De esta manera se sellarán un poco, pero a la hora de utilizarlos los abrimos con un cuchillo y listo.\n7 of 17 4/24/25, 10:15 AM\nPan bao casero, cómo hacerlo en casa paso a paso fácil https://www.bonviveur.es/recetas/pan-bao-casero\n@pandebroa.by.monikaprego\nCon un rodillo, estiramos cada una de las porciones de masa con un grosor uniforme de unos 4 mm dándoles forma ovalada. Colocamos un trozo de papel\nen el medio y doblamos la masa sobre sí misma. Procuramos dejar la parte de arriba un poco más atrás para que nos quede la forma tan vistosa de los\npanes bao.\n8 of 17 4/24/25, 10:15 AM\nPan bao casero, cómo hacerlo en casa paso a paso fácil https://www.bonviveur.es/recetas/pan-bao-casero\n@pandebroa.by.monikaprego\nUna vez dobladas las porciones de masa, las vamos colocando en una vaporera o cestillo de cocer al vapor con un trocito de papel de horno debajo para\nque no se peguen a la vaporera.\n9 of 17 4/24/25, 10:15 AM\nPan bao casero, cómo hacerlo en casa paso a paso fácil https://www.bonviveur.es/recetas/pan-bao-casero\n@pandebroa.by.monikaprego\nDejamos levar los panes de esta manera una media hora, o más si vemos que lo necesitan, y una vez hayan doblado su tamaño, los cocinamos al vapor\nentre 10 y 15 minutos según su tamaño y tipo de vaporera. En nuestro caso hemos usado una vaporera de bambú con un wok: hemos echado agua en el\nwok, hemos puesto la vaporera encima y hemos cocinado los panes bao al vapor durante 15 minutos.\n10 of 17 4/24/25, 10:15 AM\nPan bao casero, cómo hacerlo en casa paso a paso fácil https://www.bonviveur.es/recetas/pan-bao-casero\n@pandebroa.by.monikaprego\nPasados los 15 minutos, destapamos la vaporera y dejamos los panes al vapor durante un par de minutos más para que no se bajen. Pasado este tiempo,\nretiramos los panes de la vaporera y los dejamos sobre una rejilla para que se enfríen.\n11 of 17 4/24/25, 10:15 AM\nPan bao casero, cómo hacerlo en casa paso a paso fácil https://www.bonviveur.es/recetas/pan-bao-casero\n@pandebroa.by.monikaprego\nUna vez fríos, tendremos los panes bao listos para rellenar como más nos guste. Se conservan perfectamente un par de días en una bolsa hermética y\nresultan perfectos para congelar. Podemos hacer el doble de la cantidad indicada y guardarlos ya hechos en el congelador para tenerlos siempre\ndisponibles.\n12 of 17 4/24/25, 10:15 AM\nPan bao casero, cómo hacerlo en casa paso a paso fácil https://www.bonviveur.es/recetas/pan-bao-casero\n@pandebroa.by.monikaprego\n13 of 17 4/24/25, 10:15 AM\nPan bao casero, cómo hacerlo en casa paso a paso fácil https://www.bonviveur.es/recetas/pan-bao-casero\n@pandebroa.by.monikaprego\nResumen fácil de preparación\n1. Pesamos los ingredientes, ponemos la harina en un bol y le añadimos el agua, el aceite, la levadura y mezclamos todo\n2. Dejamos reposar la masa unos minutos. Le añadimos la sal, el agua restante y trabajamos la masa añadiendo más agua si fuera necesario\n3. Cuando la masa esté lisa y elástica, la tapamos y la dejamos levar hasta que doble el volumen\n4. Dividimos la masa en porciones 9 porciones, o más al gusto, las boleamos y las dejamos reposar 15 minutos. Mientras cortamos trocitos de papel de\nhorno para poner entre los panes\n5. Estiramos las masas con un rodillo dándoles forma ovalada, las doblamos a la mitad con un trozo de papel de horno en medio\n6. Colocamos los panes bao en la vaporera y dejamos que doblen su volumen de nuevo\n7. Cocinamos los panes bao al vapor durante unos 15 minutos y dos minutos más destapados\n8. Retiramos los panes ya cocidos para una rejilla y los dejamos enfriar\n9. Podemos rellenar los panes bao como más nos guste o congelarlos para usar en cualquier otro momento\nVota\n14 of 17 4/24/25, 10:15 AM\nPan bao casero, cómo hacerlo en casa paso a paso fácil https://www.bonviveur.es/recetas/pan-bao-casero\nMasas Aceite de girasol Harina de trigo Levadura de panadería Recetas para compartir\nMónica Prego\nMis primeros pinitos en la cocina fueron al lado de mi abuela, amasando pan en la artesa. La artesa sigue allí, y mi pasión por las masas y los fogones ha ido creciendo. Hoy cocino\npara mi familia, lo inmortalizo en fotografías, y lo escribo. Me gusta recuperar tradiciones, despertar recuerdos y emociones a través de mis recetas. Ver autora\nTe puede gustar Enlaces Patrocinadospor Taboola\nEsta nueva alarma con cámara es casi gratuita en Rosario (ver precio)\n¡La alarma económica que está revolucionando el mercado en Argentina!\nVerisure Más información\nEsta nueva alarma con cámara es casi regalada en Rosario (ver precio)\n¡La alarma económica que está revolucionando el mercado en Argentina!\nVerisure Más información\nGoogle Brain Co-Founder Andrew Ng, Recommends: Read These 5 Books And Turn Your Life Around\nAndrew Ng, computer scientist and technology entrepreneur focusing on artificial intelligence, shares the five books he thinks will change your life.\nBlinkist: Andrew Ng's Reading List\nSíguenos\nResumen de votos\n5\n4 5\n3\n2 1 voto\n1\nToca para votar\nRecomendados\nRiquísimas y fáciles recetas de pan casero\nArtículos relacionados\nEsta nueva alarma con cámara es casi gratuita en Rosario (ver precio)\n¡La alarma económica que está revolucionando el mercado en Argentina!\nVerisure|Patrocinado Más información\n15 of 17 4/24/25, 10:15 AM\nPan bao casero, cómo hacerlo en casa paso a paso fácil https://www.bonviveur.es/recetas/pan-bao-casero\nDumplings de cerdo Pan chino o mantou Dim sum de cerdo al vapor\nPan de calabaza Pan de cerveza Pan candeal\nPan de cebolla Pan de semillas Focaccia rellena\nPan de molde keto Pan de avena Pan dulce\nXuxos o pepitos de crema Roscos fritos Buñuelos de calabaza\nDorayakis Bolas de fraile o berlinesas Samosas\n<ANTERIOR SIGUIENTE>\nCuál es la diferencia entre leche pasteurizada y UHT Chipirones en su tinta\nEntrevistas Opinión Temas\nPollo Helados Tofu Salmón Brócoli Postres Calabacín Croquetas Tartas y pasteles Pocos ingredientes Bizcochos Recetas de otoño Recetas primavera\nFreidora de aire\nANÚNCIATE AUTORES INFORMACIÓN LEGAL POLÍTICA DE PRIVACIDAD POLÍTICA DE COOKIES CONTACTO MAPA DEL SITIO\n© COPYRIGHT 2025 BONVIVEUR.ES - TODOS LOS DERECHOS RESERVADOS\n16 of 17 4/24/25, 10:15 AM\nPan bao casero, cómo hacerlo en casa paso a paso fácil https://www.bonviveur.es/recetas/pan-bao-casero\n17 of 17 4/24/25, 10:15 AM",
  "tags": [
    "simple"
  ]
}