{
  "nombre": "Pasta con ajo y albahaca",
  "calorias": 480,
  "ingredientes": [
    {
      "nombre": "fideos",
      "cantidad": 200.0,
      "unidad": "g"
    },
    {
      "nombre": "ajo",
      "cantidad": 2.0,
      "unidad": "dientes"
    },
    {
      "nombre": "aceite de oliva",
      "cantidad": 1.0,
      "unidad": "cucharada"
    },
    {
      "nombre": "albahaca",
      "cantidad": 8.0,
      "unidad": "hojas"
    }
  ],
  "preparacion": "1. Hervir los fideos en agua con sal hasta que estén al dente.\n2. Dorar el ajo en el aceite.\n3. Mezclar los fideos con el aceite y ajo.\n4. Agregar las hojas de albahaca antes de servir.",
  "tags": [
    "simple"
  ]
}