{
  "nombre": "Rcero",
  "calorias": 0,
  "ingredientes": [
    {
      "nombre": "masa lo / pasta lo",
      "cantidad": 2.0,
      "unidad": "Rollos"
    },
    {
      "nombre": "carne molida",
      "cantidad": 200.0,
      "unidad": "gr"
    },
    {
      "nombre": "4 cebollas verdes frescas",
      "cantidad": 3.0,
      "unidad": "o"
    },
    {
      "nombre": "pimentón",
      "cantidad": 1.0,
      "unidad": "Cucharada"
    },
    {
      "nombre": "huevo",
      "cantidad": 1.0,
      "unidad": "yema"
    },
    {
      "nombre": "sopera de aceite de",
      "cantidad": 1.0,
      "unidad": "cucharada"
    }
  ],
  "preparacion": "1.\nPica namente la cebolla verde. Dora la\ncarne y el aceite de oliva en una sartén\ndurante 8 minutos. Salpimienta, añade\nla cebolla. Deja que se enfríe.\n2.\nDesenrollar la masa, corta 8 círculos de\n9 cm de diámetro aprox. Rellena de car-\nne picada fría y dóblalas formando em-\npanadas. Diluye la yema de huevo con\nuna cucharada de agua. Unta con ella\nlas empanadas.\n3.\nColoca 8 empanadas en la cesta de la\nFreidora y cocínalas a 180°C durante 10\nminutos. Repite con la segunda hornada.\n16 15 12\nmn. mn.\nPorcons d prprcón d coccón\nFUENTE: RECETARIO IMUSA EASY FRY\nMuns con chps d chocoa\nINGREDIENTES\n100 gr de chocolate negro\n3 huevos (1 yema + 3 claras)\n100 ml. de leche entera\n30 gr de azúcar en polvo\n25 gr de mantequilla, sal\nPREPARACIÓN\n1.\nAgrega la harina y la levadura en una\nensaladera. Añade la mantequilla blanda\ny mezcla hasta que adquiera una consis-\ntencia homogénea.\n2.\nAñade el azúcar y chips de chocolate.\nMezcla la leche y los huevos. Añade\nesta mezcla en la ensaladera y remover\nlo justo para incorporar la harina.\n3.\nVierte la masa en 8 moldes para muns\no moldes de papel. Coloca 4 moldes de\nmuns en la cesta del Freidora. Cocina\na 160°C durante 30 minutos. Saca del\nmolde y deja enfriar sobre una parrilla.\n8 20 30\nmn. mn.\nPorcons d prprcón d coccón\nFUENTE: RECETARIO IMUSA EASY FRY\nSoufés d chocoa\nINGREDIENTES\n100 gr de chocolate negro\n3 huevos (1 yema + 3 claras)\n100 ml. de leche entera\n30 gr de azúcar en polvo\n1 cucharadita de maicena\n25 gr de mantequilla, sal\nPREPARACIÓN\n1.\nFunde el chocolate cortado en trozos al\nbaño maría o en el microondas.\n2.\nSepara las yemas de las claras de los huevos.\nBatir una yema con la maicena. Calentar\nla leche en una cacerola y luego, fuera del\nfuego, añade a la mezcla de la yema con la\nmaicena; mezcla y espera algunos minutos\nen el fuego. Añade el chocolate y mezcla.\n3.\nBatir las 3 claras a punto de nieve con 1 pizca\nde sal. Cuando empiecen a estar un poco\nrmes, añade el azúcar en polvo y batir un\npoco más. Añade las claras a punto de nieve\nal preparado.\n4.\nUnta 4 recipientes de mantequilla, espolvorear\ncon azúcar y verter en ellos el preparado\nocupando 2/3 de la altura del molde. Coloca\nlos ramequines en la cesta de la freidora\ny cocina a 160°C durante 12 minutos. Sirve\nenseguida.\n4 10 12\nmn. mn.\nPorcons d prprcón d coccón\nFUENTE: RECETARIO IMUSA EASY FRY\nFs\nINGREDIENTES\n500 gr de garbanzos cocidos\n50 gr de harina\n1 cebolla blanca picada namente\n2 cucharadas de perejil picado\n2 cucharadas de cilantro picado\n1 cucharadita de comino\n1 cucharada de tahini (pasta de\nsésamo)\n1 chorrito de aceite de oliva\n1 diente de ajo\nSal y pimienta\nPREPARACIÓN\n1.\nMezclar en un Bowl los garbanzos, la\ncebolla, el ajo, el perejil, el cilantro,\nel comino, la sal, la pimienta, la pasta\nde sésamo (tahini) y la harina hasta\nobtener una masa gruesa. Si la masa\nqueda demasiado líquida, añade un\npoco de harina y si queda demasiado\nseca, añade un poco de líquido.\n2.\nForma 18 falafels con esta masa y\naplánalos ligeramente.\n3.\nPonlos en la cesta de la Freidora, riega\ncon aceite de oliva (opcional) y cocina\na 170°C durante 20 minutos. Los falafels\npueden quedar superpuestos en la\ncesta. Dales la vuelva a media cocción.\n18 15 20\nmn. mn.\nPorcons d prprcón d coccón\nFUENTE: RECETARIO IMUSA EASY FRY\nPps ris\nINGREDIENTES\n800 gr de papas\n3 cucharadas de pimentón\n3 cucharadas de aceite de oliva\nSal na\nPREPARACIÓN\n1.\nLava y pela las papas. Córtalas en tiras\ngruesas.\n2.\nAgrega las tiras de papas en una\nensaladera, mézclalas con aceite\nde oliva, 1 cucharada de sal na y\npimentón. Cubre y deja marinar durante\n30 minutos.\n3.\nEscurre las papas y colócalas en la\ncesta de la Freidora. Cocínalas a 170 °C\ndurante 20 minutos. Remover bien las\npapas cada 10 minutos. Prolonga la\ncocción otros 15 minutos a 200°C. Según\nel tamaño de las papas y la variedad,\ndeberás ajustar el tiempo de cocción en\n5 minutos más o menos.\n15\n4\nmn.\nPrsons d prprcón\n30 35\nmn. mn.\nd mrnd d coccón\nFUENTE: RECETARIO IMUSA EASY FRY\nCmrons crujnts  curry\nINGREDIENTES\n250 gr de camarones\n2 huevos\n6 cucharadas de harina de trigo\n6 cucharadas de harina de maíz\n2 cucharadas de curry\n1 cucharadita de pimienta negra\nrecién molida\nSal\nPREPARACIÓN\n1.\nAgrega la harina, el curry, una buena\npizca de sal y pimienta en una bolsa para\ncongelación, agrega la harina de maíz en\notro plato hondo y batir los huevos en un\ntercer plato hondo.\n2.\nDesliza los camarones al interior de\nla bolsa, mantenla cerrada y sacúdela\nenérgicamente para que los camarones\nqueden bien cubiertos. Retíralos de la\nbolsa, remójalos uno a uno en los huevos\nbatidos y luego rebosalos en la harina de\nmaíz. Úntalos con aceite (opcional).\n3.\nCocina los camarones en la cesta de la\nFreidora y cocinarlos a 160°C durante 6\nminutos. Gira con cuidado los camarones y\nprolonga la cocción otros 4 minutos.\n4 10 10\nmn. mn.\nPorcons d prprcón d coccón\nFUENTE: RECETARIO IMUSA EASY FRY\nBroches d rs n ss tryk\nINGREDIENTES\n12 lonchas de carpaccio de carne\nde res\n200 gr de queso Comté\n2 cucharadas de miel líquida\n3 cucharadas de salsa de soja\nPimienta\nPREPARACIÓN\n1.\nCorta el queso en 36 cubos. Pinchalos en los\n12 pinchos de las brochetas. Envuelve cada\nbrocheta con 1 loncha de carpaccio.\n2.\nEn un bowl, prepara el aderezo mezclando la\nsalsa de soja y la miel. Riega las brochetas.\nDeja marinar 1 hora en frío.\n3.\nDispón las 12 brochetas en círculo en la cesta\nde la Freidora y cocinalas a 180°C durante\n6 minutos. Sazona con pimienta y sirve\nenseguida.\n12 10\nmn.\nPorcons d prprcón\n60 6\nmn. mn.\nd mrnd d coccón\nFUENTE: RECETARIO IMUSA EASY FRY\nPrros cnts\nINGREDIENTES\n6 panes para perritos calientes\n6 salchichas\n6 pepinillos\n2 cebollas blancas\n12 tomates cherry\n6 lonchas de queso cheddar\n1 cucharada de aceite de oliva\nPREPARACIÓN\n1.\nSumerge las salchichas en una cacerola\nde agua hirviendo durante 5 minutos.\nMientras tanto, pica las cebollas y\ncocínalas en una sartén pequeña con\nuna cucharada de aceite de oliva.\n2.\nCorta los pepinillos en dados pequeños\ny los tomates en rodajas. Abre los panes\nen dos, pon los tomates y luego reparte\nlas salchichas. Recubre con lonchas de\ncheddar. Coloca 3 perritos calientes en\nla cesta de la Freidora y doralas a 170°C\ndurante 3 minutos.\n3.\nReparte los pepinillos, las cebollas y\nsirve enseguida.\n6 10 8\nmn. mn.\nPorcons d prprcón d coccón\nFUENTE: RECETARIO IMUSA EASY FRY\nHmburgus\nINGREDIENTES\n900 gr de carne molida\n6 panes de hamburguesa\n2 tomates\n6 hojas de lechuga\n1 diente de ajo\n3 cucharaditas de salsa de soja\n2 cucharadas de aceite de oliva\nPREPARACIÓN\n1.\nMezcla la carne molida, el ajo aplastado,\nla salsa de soja, el aceite de oliva. Salar.\nForma 6 hamburguesas prensando con\nlas manos.\n2.\nColócalas en la cesta de la Freidora y\ncocínalas a 180°C, durante 8 minutos,\najustando la cocción de la carne a tu\ngusto.\n3.\nExtrae las hamburguesas de la Freidora\ny reservalas en caliente. Pon 6 panes\nen la cesta y caliéntalos durante 2 o 3\nminutos, también a 180°C. Monta las\nhamburguesas enseguida con las hojas\nde lechuga y los tomates y sirve.\n6 5 11\nmn. mn.\nPrsons d prprcón d coccón\nFUENTE: RECETARIO IMUSA EASY FRY\nCostls  món\nINGREDIENTES\n12 costillas pequeñas\n1 limón (orgánico)\n4 dientes de ajo\n1 cucharada de aceite de oliva\nSal, pimienta\nPREPARACIÓN\n1.\nRetira la cáscara del limón. Pela el ajo y\npícalo namente en un mortero. Añade\nla cáscara del limón y 2 cucharadas de\naceite de oliva.\n2.\nAgrega por encima de las costillas,\nmezcla bien, salpimienta, cubre con lm\ny deja marinar durante 4 horas.\n3.\nColoca 6 costillas en la cesta de la\nFreidora y cocínalas a 180°C durante\n10 minutos, dándoles la vuelta a media\ncocción. Repite el proceso con las otras\n6 costillas. Sirve enseguida.\n6 15\nmn.\nPrsons d prprcón\n4 35\nhors mn.\nd mrnd d coccón\nFUENTE: RECETARIO IMUSA EASY FRY\nAbóndgs d crn  cntro\nINGREDIENTES\n550 gr de carne molida de res\no cerdo\n2 cucharadas de cebolla picada\n2 cucharadas de cilantro picado\n1 cucharadita de comino\n1 cucharada de aceite de oliva\nSal, pimienta\nPREPARACIÓN\n1.\nSaltea rápidamente en una sartén las\ncebollas con un chorrito de aceite de\noliva.\n2.\nMezcla la carne molida, las especias,\nel cilantro y las cebollas. Salpimienta.\nForma 18 albóndigas redondas regulares\nde unos 30 gr.\n3.\nColoca las albóndigas en la cesta de\nla Freidora apretándolas un poco y\ncocínalas unos 7-8 minutos a 180°C. Las\nalbóndigas pueden quedar superpuestas\nen la cesta.\n6 10 8\nmn. mn.\nPrsons d prprcón d coccón\nFUENTE: RECETARIO IMUSA EASY FRY\nPolo sdo\nINGREDIENTES\n1 pollo de 1.3 Kg.\n5 dientes de ajo\n1 cucharada de aceite de oliva\nSal\nPREPARACIÓN\n1.\nPela y desmenuza el ajo. Aplasta\nligeramente los dientes de ajo con la\npalma de la mano. Frota el pollo con 1\ncucharada de aceite de oliva, desliza los\ndientes de ajo por los muslos.\nSala generosamente.\n2.\nColoca el pollo en la cesta de la Freidora\ny ásalo a 200°C durante 45 minutos.\nSirve enseguida.\n5 45\n4-6\nmn. mn.\nPrsons d prprcón d coccón\nFUENTE: RECETARIO IMUSA EASY FRY\nNugges d polo\nINGREDIENTES\n6 letes de pollo\n120 gr de mantequilla\n70 gr de harina\n3 huevos\nSal, pimienta\nPREPARACIÓN\n1.\nCorta el pollo en pedazos regulares.\nPon la harina con sal y pimienta en una\nbolsa para congelación, verter el pan\nrallado en un plato grande y batir los\nhuevos en un plato hondo.\n2.\nAgrega los pedazos de pollo en la bolsa,\nmantenla bien cerrada y sacúdela\nenérgicamente. Retíralos de la bolsa,\nsumérgelos uno a uno en los huevos\nbatidos y luego rebozarlos en pan\nrallado. Agrega la mitad en la cesta de\nla Freidora.\nRiega con aceite (opcional).\n3.\nCocina los trozos de pollo a 200°C\ndurante 12 minutos según el tamaño.\nRepite la acción hasta que se acaben los\ntrozos de pollo.\n6 10 12\nmn. mn.\nPrsons d prprcón d coccón\nFUENTE: RECETARIO IMUSA EASY FRY\nAis d polo\nINGREDIENTES\n1.2 kg de alitas de pollo\n1 cucharada de salsa de tomate\n1 cucharada de mostaza\n1 cucharada de pimentón\n1 cucharadas de salsa de soja\nendulzada\n1 cucharada de aceite de oliva\nSal, pimienta\nPREPARACIÓN\n1.\nCortar las alitas de pollo en dos, sepa-\nrándolas por la articulación.\n2.\nAgregar todos los ingredientes en una\nensaladera grande y poner las alitas de\npollo. Remover bien para que queden\nbien recubiertas por todos lados. Recu-\nbrir con lm y dejar marinar durante 12\nhoras.\n3.\nDisponer las alitas de pollo en la cesta,\nno hay problema si se sobreponen una\na otra, y cocinarlas a 200°C durante 12\nminutos. Remover y dar la vuelta a las\nalitas de pollo y cocinar de nuevo 5 mi-\nnutos. Servir enseguida con patatas fri-\ntas y una ensalada de tomates cereza.\n6 20\nmn.\nPrsons d prprcón\n12 17\nhors mn.\nd mrnd d coccón\nFUENTE: RECETARIO IMUSA EASY FRY\nFe d Smón  curry\nINGREDIENTES\n6 letes gruesos de salmón\n1 cebolla picada\n2 dientes de ajo picados\n1 tomate bien maduro en cubos\n1.5 cucharadas de jengibre fresco rallado\n2.5 cucharadas de curry en polvo\n1.5 cucharadas de concentrado de pasta\nde tomate\n250 ml de leche de coco\nPREPARACIÓN\n1.\nEn una cacerola, saltea la cebolla hasta\nque quede translúcida. Añade el ajo y\nel tomate en cubos y deja contar unos\nminutos antes de añadir el curry, el\njengibre y la pasta de tomate.\nMezcla bien.\n2.\nAñade la leche de coco y deja cocinar a\nfuego lento durante 2 minutos. Rectica\nel aliño.\n3.\nDispón los letes de salmón sobre 6\nhojas de papel de hornear. Vierte la salsa\nencima de los letes. Cierra las hojas en\npapel aluminio y coloca los letes en la\ncesta de la Freidora, sobreponiéndolos\nunos a otros. Cocina a 160°C durante 20\nminutos. Decora con las hojas de menta\npicadas y sirve.\n6 10 27\nmn. mn.\nPrsons d prprcón d coccón\nFUENTE: RECETARIO IMUSA EASY FRY\nBois d pano rlns d quso\nINGREDIENTES\n1 plátanos maduros\n100 gr. de queso mozzarella\n80 gr. de queso fresco\nPREPARACIÓN\n1.\nEn una olla con agua hirviendo cocina\nel plátano maduro, previamente pelado.\nDeja al fuego durante 25 minutos hasta\nque esté blandito.\n2.\nRetira del agua los plátanos y macerar\nhasta obtener un puré. Después, agrega\nel queso rallado, una pizca de sal mezcla\ntodo muy bien.\n3.\nHaz una bolita de plátano amasando el\npuré con las manos. Luego aplástala y\nagrega en el centro un poco de queso\nmozzarella. Cierra muy bien volviendo a\nformar una bola con la masa.\n4.\nColoca las bolitas en la cesta de la\nfreidora a 170°C durante 18 minutos.\nCuando lleve 9 minutos dales la vuelta.",
  "tags": [
    "proteico"
  ]
}